Password,Password Encryption
2iI+Y0U7,9ca471809b4a074c180882c648bc387cc53730f788af4d743a26210fdf8e1a06
&qY1X4p5,01d292c46e657ce659afd90584fdac75155324fcf1bdeac9a9f55489445b7f27
9stY49;&,e3a43dff3bb34a519fc50ffe7078a231543f849635fb9cce140295f0c968fdcb
US~4wz85,6f6024472cf001488e6856f0ecd2e08a6d9ed11f38e0ea49307794080bbd8555
22a3'L2{,636a97115539fec4fa7cb42e695a0d3a968d1302808f0a46c744e7db053066bb
qI1iw28p,ddeae68e91609436641351aa0dce04a8133e5762336329ceca11149c451b523f
yPT=4Q26,da3906092a64b2d8a097411aaf1349003f490f940947c7f7d6dee1af4df7914c
KS030gRB,d1ea9a911cf98f6d4c9c5912d15dd58896faa5da628ee77506327e8f476d28e7
Sw895%CK,0a0bb8ff5b30b089d56cb5df426d6a4fca27bb41a43ff192fdaa27f30b4bcf43
y60A80SH,4a62273a7f64e982c248e16edb7467dc66b36077753483937ef9a92f4217394d
36}1{!yY,214cedb252c5851a61af210e9f037d171371ea1a699ef866dad0a2f31cf479ba
F'667T*w,c82f6e649e26dfd9d05e2f3a6b82c63956305115cbfee6077a6ae2b793c61582
307:Te#W,c14b3ad0e2c4401cb3815d5e4db053c36d1cefa0bc7d8f28125c33a18d78f792
i1iMa15?,d2d538dfc2b4a67c17a39434df3343eb31343609d96ac73ecb4c95f213b57c22
9O|y95Tl,9cbe7518e43d33134ab2230825af867dbce782e0f6e9b3ba12f1b9d7772cf8d3
T>66x0e@,5a270c30fabd1057c6c3b1bf4361e2197f786556a66c95c65bb5e78544a4ad71
4!tj58:T,945f4894d2f9b724d1a55d37b3d6f3dc87f915c2e78e02cedcc93e82304fd355
W87hh8`k,18aae19030b6a577deb1b6066ac701f863c14055db94acc3e9cc21c7e7dec430
b2vac77Z,c355ec1d18b67db77d51c424ac2387566b74c99e876daa01ea71c4b8087f21b2
d-65-A63,55930f5f1972c2c46488f9ccc32fc845df535ef96df49d06f26d2762229f841b
2Py90ozb,ee41619785688d0c490bcf7b6d364ad69270dc45c9747554549d5057edd56169
K]E4d7~9,99624e4633573d9ed0a4867620cef7f34655db0e9a1d4c88e613d40c1bbb6279
^8{N897g,9f1e2df638e1db027b6d67993958caf03307f09fca73124d433e45c44023d9c4
j_?qT386,4bcc59b5986202afb1e2f5ba7f9c324c7ab1858104d5d1a9d68ee116fe1285e9
Tf4oN11%,faf10dbe5dbabc8219ac21a65d704af566aa67616929d8596024a5ea66de8cd4
r2TLL5M2,fa9756ce5739a6b87426466735d4f1a64b990dac015c632f483264001b299700
E80E#vv5,cc977d67c1830eaa1470813f635272b81f74218b256cbfa6c4c82f166d46e36e
HNy40M<9,3906544ad4baeab3678f768886942f30fc59004c97314ee0bda0ec0dfd086e45
X-11o1%l,767d813cb5216bd226ff38f660e96c9bd50c1f9b8a80f51682b7d6be023152cf
x1CdO08J,d14b9a330bb150bc7b936ce755508705086774f6f7c0ab7eb3aac58e982fd9b7
